epoch,loss,val_loss,accuracy,val_accuracy
1,1.5472140811485282,1.5812433390638194,,
2,1.492568311342667,1.5547562504439374,,
3,1.4423573226142845,1.5315542970682336,,
4,1.3959610760581243,1.5143300477073702,,
5,1.3509420087789514,1.4939958820176438,,
6,1.3093507880762756,1.4750485092271364,,
7,1.2677374199272826,1.452428886984113,,
8,1.2308008966245025,1.4361805564451426,,
9,1.1934224249335765,1.4174310494718594,,
10,1.1560254539403478,1.3985347068465954,,
11,1.118401235142605,1.3815514729012568,,
12,1.0842481238912915,1.365018783698436,,
13,1.050125688794525,1.351725834946445,,
14,1.0200461319092629,1.3370571089623797,,
15,0.989093419159803,1.3255052098020195,,
16,0.9593866978583874,1.316362871613565,,
17,0.9311005651876977,1.3023341451669885,,
18,0.9035573538572815,1.2888835189644425,,
19,0.8780799425002811,1.2780465972996176,,
20,0.8507984588765153,1.2676692612827085,,
21,0.8264622218731463,1.2587356995547183,,
22,0.8038056120368775,1.2489326216247925,,
23,0.7838592816795115,1.238900359020483,,
24,0.7617686951101343,1.2296756966665843,,
25,0.7401998674005381,1.2179219980427272,,
26,0.7205962679421591,1.2078322695332324,,
27,0.7029001021104526,1.2000116600480142,,
28,0.6849429450993793,1.1922180111231242,,
29,0.6665265879038689,1.1840304919725944,,
30,0.6482105847849722,1.1752476209376057,,
31,0.6324912160081048,1.1686388445473135,,
32,0.6148714139743661,1.1592196518937574,,
33,0.5983478601241792,1.1518927729936665,,
34,0.5823254269516601,1.144560092921861,,
35,0.5668908281729567,1.1384368816057147,,
36,0.5522022784365598,1.1325588456668187,,
37,0.5394197336618489,1.1284983081979,,
38,0.5257854807794168,1.1228309712295448,,
39,0.5139703531339856,1.115748290867264,,
40,0.5007160139608265,1.1112672708700837,,
41,0.4897408450236994,1.1059396462148974,,
42,0.47794167203494015,1.1018827800927724,,
43,0.4668739813078735,1.0966253424445616,,
44,0.45548620104531223,1.0914959724683428,,
45,0.44676935645985927,1.0879194912821966,,
46,0.4363970107305449,1.0837182683715654,,
47,0.4264244460206493,1.0802946165854754,,
48,0.4162254623394769,1.0775484354865603,,
49,0.40618641946413997,1.0748832440857803,,
50,0.39687508562074275,1.0725375753237691,,
51,0.387584590506561,1.068609983151917,,
52,0.3791533284757143,1.0663387609816535,,
53,0.3708893301743262,1.0638450773912747,,
54,0.36268236646440244,1.0606471730892315,,
55,0.35441274088813174,1.055633160452395,,
56,0.34705965037202596,1.0513500761582342,,
57,0.33964414483737176,1.0468138820739812,,
58,0.33170232081224926,1.0450956255327666,,
59,0.32450074062231454,1.0418166438825265,,
60,0.3176743942676424,1.0388705548240629,,
61,0.3116451068290843,1.0359511474009164,,
62,0.30567760140516204,1.0326872141665766,,
63,0.3005629559191777,1.0305510446364181,,
64,0.29399741569803994,1.0256026036809625,,
65,0.28745596407182156,1.0218493525410584,,
66,0.28204364526458314,1.018997446971429,,
67,0.27667606365549596,1.016449321598205,,
68,0.2719671659476252,1.0139932951454773,,
69,0.2665818875547051,1.013502524523105,,
70,0.26055647870652665,1.0112061627111582,,
71,0.25550798028292043,1.0076011046116529,,
72,0.2501520912568033,1.0050575333326144,,
73,0.24501327745376392,1.003155790399516,,
74,0.24044963951041412,1.0004783745155585,,
75,0.23541965365382153,0.9973379706874425,,
76,0.23070724368501624,0.9949350702743083,,
77,0.22664780420847838,0.9925913286098487,,
78,0.22261739883668805,0.9913943547869354,,
79,0.21859832924861078,0.989461264414428,,
80,0.21440129477387615,0.9884934406971567,,
81,0.20989307191089035,0.9867515440818785,,
82,0.2059022949262992,0.9856924093023398,,
83,0.20183783106256595,0.983852372403098,,
84,0.19835130643224183,0.9819654943706166,,
85,0.19537254467680404,0.9798386817854955,,
86,0.1916558029317058,0.9787483174012217,,
87,0.1879629170824456,0.9789433088153601,,
88,0.1847804428494848,0.9779553931759565,,
89,0.18133025100083083,0.9767634253216883,,
90,0.17875301591876566,0.9758488726781835,,
91,0.1753978212069734,0.9758051844907509,,
92,0.17225493050308477,0.9745871604269769,,
93,0.16881988670150697,0.9726704523195085,,
94,0.16590237324939675,0.9717529724356129,,
95,0.16276938339886907,0.9702666045927064,,
96,0.16007984048875032,0.9682837123514914,,
97,0.15742009424499456,0.967547067859938,,
98,0.15458193895103506,0.9664477777939826,,
99,0.15177177311448656,0.9658350508058176,,
100,0.14912778480599323,0.9646094375367248,,
101,0.1464980362419413,0.964729302208952,,
102,0.14394840166028106,0.9642679776719825,,
103,0.14107610329828668,0.9618380734103216,,
104,0.1386840247077108,0.9616263245504886,,
105,0.13641134404047603,0.9605221633665166,,
106,0.13415295243507905,0.9581690043552604,,
107,0.13212325970285665,0.957118857830893,,
108,0.12986052276098078,0.9558442175372068,,
109,0.12768210501835914,0.9553573641958586,,
110,0.12520027698434272,0.9551720970420078,,
111,0.12286168050835695,0.9538944901565016,,
112,0.1209103640790941,0.9539406549096042,,
113,0.11894094585031363,0.9536788480714223,,
114,0.11733771782354573,0.9522294655247027,,
115,0.11556300554537621,0.9510136904260021,,
116,0.11338234649477191,0.9506187244078478,,
117,0.11148460642024967,0.9489429671130261,,
118,0.10953109689827782,0.9491837999893263,,
119,0.10779247702592165,0.9490456351416601,,
120,0.10598459841148025,0.9490212161443704,,
121,0.104109098073072,0.9485807340779224,,
122,0.10242392488811834,0.947329690488763,,
123,0.10080683771624718,0.9460895626305492,,
124,0.0991997753657733,0.9448593411488889,,
125,0.09764186917749941,0.945810874131016,,
126,0.09604679891041017,0.9454206951840997,,
127,0.09440012567283071,0.9450516420656482,,
128,0.0929132975497118,0.944971245981948,,
129,0.09165007085510549,0.9453304394770528,,
130,0.09045928750473364,0.9443075415519713,,
131,0.08905900697381948,0.9433675624519652,,
132,0.08777878281303775,0.944101284603755,,
133,0.08644791484823107,0.9440487469119472,,
134,0.08489184454602768,0.9442443671274329,,
135,0.08349155251033687,0.9445741121783267,,
136,0.0820983137769216,0.9446274621745645,,
137,0.080834298531953,0.9453407646844155,,
138,0.07970672619876439,0.944222768866274,,
139,0.07847227560716324,0.9447435198847904,,
140,0.07713580628524648,0.944999023226769,,
141,0.07616961028373799,0.9448950978841909,,
