model,combo_id,learning_rate,dropout_rate,optimizer,batch_size,val_f1_macro,val_accuracy,val_f1_weighted,best_val_loss,epochs_run,best_epoch,stopped_early,fit_time_min,combos_done
InceptionResNetV2,lr0.0001_do0.5_adam_bs16,0.0001,0.5,adam,16,0.9069775302694072,0.9039301310043668,0.9046215350611724,0.4420652091503143,34,24,True,7.340624641333337,35
ResNet50,lr0.0001_do0.3_adam_bs32,0.0001,0.3,adam,32,0.8808222888202438,0.8777292576419214,0.8778461480426011,0.4128789007663727,40,30,True,6.882726489883377,36
EfficientNetB7,lr0.0001_do0.3_adam_bs16,0.0001,0.3,adam,16,0.9193649716035068,0.9170305676855895,0.9170691754153072,0.3443629443645477,34,24,True,8.806271651150004,35
DenseNet201,lr0.0003_do0.3_sgd_bs32,0.0003,0.3,sgd,32,0.9067111996562366,0.9039301310043668,0.9036216275506124,0.3071327805519104,91,81,True,20.29675335403334,35
EfficientNetB4,lr0.0003_do0.5_sgd_bs16,0.0003,0.5,sgd,16,0.8943090055087284,0.8908296943231441,0.891326523267092,0.3018598556518554,185,175,True,31.65138334516669,36
EfficientNetB0,lr0.0003_do0.3_adam_bs32,0.0003,0.3,adam,32,0.8674777853725223,0.8646288209606987,0.8646849358409919,0.3928137421607971,36,26,True,7.031152732466671,36
EfficientNetB1,lr0.0001_do0.5_rmsprop_bs32,0.0001,0.5,rmsprop,32,0.8926375642968457,0.8908296943231441,0.8907887661116155,0.3512870371341705,45,35,True,8.535402062616656,36
EfficientNetB2,lr0.0001_do0.3_adam_bs32,0.0001,0.3,adam,32,0.9144263426437064,0.9126637554585152,0.9125743264304204,0.3620999455451965,41,31,True,7.810742715683348,36
EfficientNetB3,lr0.001_do0.5_sgd_bs16,0.001,0.5,sgd,16,0.9099706709735484,0.9082969432314412,0.9082486071799856,0.3136539161205292,87,77,True,16.158841245616834,35
EfficientNetB5,lr0.001_do0.5_sgd_bs16,0.001,0.5,sgd,16,0.9020426910270296,0.8995633187772926,0.899671525363654,0.3277302384376526,77,67,True,14.345132213249842,35
EfficientNetB6,lr0.001_do0.5_sgd_bs16,0.001,0.5,sgd,16,0.9109415423247016,0.9082969432314412,0.9086395714783244,0.3054571747779846,87,77,True,16.257076957283424,35
ResNet101,lr0.0001_do0.5_sgd_bs16,0.0001,0.5,sgd,16,0.8652873260748002,0.8646288209606987,0.8642224970513126,0.4138918817043304,93,83,True,17.078055872533394,36
DenseNet121,lr0.001_do0.5_sgd_bs16,0.001,0.5,sgd,16,0.8880268515134679,0.8864628820960698,0.8861300108434107,0.3420539498329162,55,45,True,11.033789542183028,35
InceptionV3,lr0.0003_do0.3_adam_bs32,0.0003,0.3,adam,32,0.9011669990008324,0.8995633187772926,0.899015392612591,0.3421052098274231,45,35,True,7.9904689583000925,36
MobileNetV2,lr0.0003_do0.5_adam_bs16,0.0003,0.5,adam,16,0.8623148275128741,0.8602620087336245,0.8607425621251096,0.4829994738101959,48,38,True,8.0124349049666,36
