model,kind,optimizer,learning_rate,dropout_rate,batch_size,epochs_run,best_epoch,stopped_early,val_accuracy,val_f1_macro,test_accuracy,test_precision_weighted,test_recall_weighted,test_f1_weighted,test_precision_macro,test_recall_macro,test_f1_macro,test_auc_macro,fit_time_min,params_total
InceptionResNetV2,tuned,adam,0.0001,0.5,16.0,34.0,24.0,True,0.9039301310043668,0.9069775302694072,0.8733905579399142,0.8767133864717006,0.8733905579399142,0.8741070840730845,0.8791846851346147,0.8761560161269749,0.8767411589241666,0.9736370145282407,7.340624641333337,57488101.0
ResNet50,tuned,adam,0.0001,0.3,32.0,40.0,30.0,True,0.8777292576419214,0.8808222888202438,0.871244635193133,0.8728799708634105,0.871244635193133,0.8717682581998055,0.875867340044276,0.8747118459487723,0.8749997569016028,0.9727779805237402,6.882726489883377,27263365.0
EfficientNetB7,tuned,adam,0.0001,0.3,16.0,34.0,24.0,True,0.9170305676855895,0.9193649716035068,0.8626609442060086,0.8628293251068685,0.8626609442060086,0.8623313054917632,0.8656431352113539,0.866015482589997,0.865414627288974,0.9764111694024649,8.806271651150004,68297628.0
DenseNet201,tuned,sgd,0.0003,0.3,32.0,91.0,81.0,True,0.9039301310043668,0.9067111996562366,0.8626609442060086,0.8679287911292886,0.8626609442060086,0.8592038013720851,0.8714459271539919,0.8666183925392472,0.8633061243145278,0.9737345242372573,20.29675335403334,21866565.0
EfficientNetB4,tuned,sgd,0.0003,0.5,16.0,185.0,175.0,True,0.8908296943231441,0.8943090055087284,0.8412017167381974,0.840817627904449,0.8412017167381974,0.8406013357047967,0.8430121465218596,0.8437233824451316,0.8429640829398728,0.9709044539987313,31.651383345166686,21087332.0
Custom-ENB5,reference,rmsprop,0.0001,0.3,32.0,44.0,34.0,True,0.9170305676855895,0.918595510258605,0.8798283261802575,0.8825405190433485,0.8798283261802575,0.8798751549409787,0.8843294401397573,0.8843333723185935,0.8830735662409384,0.9745279367359452,9.001567829799994,32189180.0
RandomForest,ml,,,,,,,,0.6331877729257642,0.6276862277294064,0.648068669527897,0.6522558054342642,0.648068669527897,0.6433219667747927,0.6560532751602031,0.6496898713025838,0.6461666219965867,0.8889386749843426,0.042507752933427886,
XGBoost,ml,,,,,141.0,131.0,True,0.62882096069869,0.6243390857508505,0.6394849785407726,0.6381497906989255,0.6394849785407726,0.6357669900898001,0.6415335949037944,0.6416394248810547,0.6386451653593797,0.8907659333044282,7.801387349833385,
CatBoost,ml,,,,,300.0,300.0,False,0.6026200873362445,0.601843066385036,0.6266094420600858,0.6340254512965888,0.6266094420600858,0.6253099285247138,0.637443451388932,0.6276048753010753,0.6276500636276963,0.8765057172761619,18.017249039633317,
SVM,ml,,,,,,,,0.611353711790393,0.6097011588078706,0.6201716738197425,0.6334848988851636,0.6201716738197425,0.6187410284701926,0.6376884530120241,0.6194407069347243,0.6207010391213321,0.8789423946966519,0.06476954493324835,
NaiveBayes,ml,,,,,,,,0.44541484716157204,0.42267216792695983,0.38412017167381973,0.4122728107523423,0.38412017167381973,0.370484571694583,0.4154188227273927,0.3802065535293783,0.3714539237328485,0.6996745745222012,0.035527388533349344,
