combo_id,learning_rate,dropout_rate,optimizer,batch_size,val_f1_macro,val_accuracy,val_f1_weighted,best_val_loss,epochs_run,best_epoch,stopped_early,fit_time_min
lr0.0003_do0.5_adam_bs16,0.0003,0.5,adam,16,0.8623148275128741,0.8602620087336245,0.8607425621251096,0.4829994738101959,48,38,True,8.0124349049666
lr0.0001_do0.5_sgd_bs16,0.0001,0.5,sgd,16,0.8249626820144182,0.8209606986899564,0.8219544241443293,0.46210670471191406,128,118,True,20.160725221616545
lr0.0003_do0.5_sgd_bs32,0.0003,0.5,sgd,32,0.8227292384047077,0.8209606986899564,0.8203929361515816,0.4937692880630493,84,74,True,13.470583615083402
lr0.0003_do0.3_sgd_bs16,0.0003,0.3,sgd,16,0.8207305503334965,0.8165938864628821,0.8168749806246205,0.4812227189540863,54,44,True,8.80624029506677
lr0.001_do0.3_sgd_bs32,0.001,0.3,sgd,32,0.8186120720772733,0.8165938864628821,0.8152538453859451,0.4348371624946594,55,45,True,8.853990532549991
lr0.0001_do0.3_adam_bs32,0.0001,0.3,adam,32,0.8183570614371785,0.8165938864628821,0.8159695990145491,0.5453188419342041,41,31,True,6.961675783100266
lr0.0003_do0.5_sgd_bs16,0.0003,0.5,sgd,16,0.8121469745796543,0.8078602620087336,0.8085651350958489,0.4765833914279938,49,39,True,8.304827538700192
lr0.0001_do0.3_sgd_bs16,0.0001,0.3,sgd,16,0.808534890735538,0.8034934497816594,0.8049624842208327,0.547805905342102,86,76,True,13.919658996300132
lr0.0001_do0.3_rmsprop_bs16,0.0001,0.3,rmsprop,16,0.8007032132310338,0.7991266375545851,0.7983723284007492,0.8579450249671936,33,23,True,5.700522401999721
lr0.0001_do0.5_sgd_bs32,0.0001,0.5,sgd,32,0.795535948297024,0.7947598253275109,0.7925579045749394,0.595170259475708,146,136,True,22.67194379036664
lr0.0001_do0.3_sgd_bs32,0.0001,0.3,sgd,32,0.7537874830300414,0.7510917030567685,0.7496470168692965,0.6553463935852051,109,99,True,17.177161215483405
lr0.0001_do0.3_adam_bs16,0.0001,0.3,adam,16,0.7515411266183318,0.7554585152838428,0.7461800522449294,0.5711582899093628,26,16,True,4.627414950133243
lr0.0003_do0.3_sgd_bs32,0.0003,0.3,sgd,32,0.7446220095693781,0.74235807860262,0.74140420523321,0.611200213432312,63,53,True,10.049982108733094
lr0.0001_do0.5_rmsprop_bs16,0.0001,0.5,rmsprop,16,0.7425340328745901,0.74235807860262,0.7371397915126875,0.7372395992279053,21,11,True,3.7316661141832204
lr0.0001_do0.5_adam_bs16,0.0001,0.5,adam,16,0.725977460905867,0.7205240174672489,0.7214782956303163,0.7640856504440308,22,12,True,4.0089954028832535
lr0.0003_do0.3_adam_bs32,0.0003,0.3,adam,32,0.7070070561314802,0.7117903930131004,0.7075180374317073,0.8787883520126343,23,13,True,4.09740387348332
lr0.0003_do0.5_rmsprop_bs16,0.0003,0.5,rmsprop,16,0.6986838359825499,0.7161572052401747,0.6999855109354916,1.7665246725082397,21,11,True,3.749521030683051
lr0.0003_do0.3_rmsprop_bs16,0.0003,0.3,rmsprop,16,0.6815499419998442,0.6812227074235808,0.6776587616213445,1.8869812488555908,28,18,True,4.822522501683367
lr0.001_do0.5_sgd_bs16,0.001,0.5,sgd,16,0.6511280002734516,0.6593886462882096,0.6468791472775791,0.8741324543952942,20,10,True,3.533493077450354
lr0.0003_do0.5_rmsprop_bs32,0.0003,0.5,rmsprop,32,0.6245856540517167,0.6331877729257642,0.6225058289686181,1.769952654838562,21,11,True,3.7574717936833624
lr0.0001_do0.3_rmsprop_bs32,0.0001,0.3,rmsprop,32,0.6241632427005067,0.6375545851528385,0.6200816418757377,1.1206142902374268,30,20,True,5.179454387133592
lr0.0003_do0.3_adam_bs16,0.0003,0.3,adam,16,0.6069009020194482,0.6200873362445415,0.6034930718418401,1.0520581007003784,19,9,True,3.5252035871497354
lr0.0001_do0.5_rmsprop_bs32,0.0001,0.5,rmsprop,32,0.5992608547109766,0.611353711790393,0.5974614172614383,1.3519861698150635,28,18,True,4.81933528444982
lr0.0003_do0.3_rmsprop_bs32,0.0003,0.3,rmsprop,32,0.2673507206588881,0.3624454148471616,0.2729635279766704,1.7810248136520386,11,1,True,2.189536319350009
lr0.001_do0.5_adam_bs32,0.001,0.5,adam,32,0.17313458046535196,0.3056768558951965,0.1691212659385143,2.69905686378479,12,2,True,2.453780901933593
lr0.0003_do0.5_adam_bs32,0.0003,0.5,adam,32,0.17068718935385602,0.2576419213973799,0.17666000827572878,2.137918710708618,11,1,True,2.297956584149991
lr0.001_do0.5_rmsprop_bs32,0.001,0.5,rmsprop,32,0.16695746657638222,0.2576419213973799,0.16772274349105812,2.6176631450653076,11,1,True,2.2060757514166958
lr0.001_do0.5_adam_bs16,0.001,0.5,adam,16,0.16225616452031547,0.26200873362445415,0.1686854617891942,1.6711095571517944,21,11,True,3.790262602366662
lr0.001_do0.3_sgd_bs16,0.001,0.3,sgd,16,0.12544391281233386,0.18340611353711792,0.13237871707189106,1.6161247491836548,11,1,True,2.1831214839665334
lr0.001_do0.3_adam_bs32,0.001,0.3,adam,32,0.11848497406723682,0.24017467248908297,0.12325915801340945,2.528299331665039,12,2,True,2.431000713566512
lr0.0001_do0.5_adam_bs32,0.0001,0.5,adam,32,0.09734734734734736,0.1965065502183406,0.10501549584519017,1.623217225074768,11,1,True,2.2805772499166777
lr0.001_do0.5_sgd_bs32,0.001,0.5,sgd,32,0.08135265700483092,0.22270742358078602,0.0876484610678649,1.6135454177856445,13,3,True,2.4959984704168163
lr0.001_do0.3_rmsprop_bs32,0.001,0.3,rmsprop,32,0.07858066272028305,0.16593886462882096,0.08301637769999105,2.040186643600464,15,5,True,2.818040641966703
lr0.001_do0.3_rmsprop_bs16,0.001,0.3,rmsprop,16,0.07168458781362007,0.2183406113537118,0.07825828363932322,4.85157585144043,11,1,True,2.2092584358499154
lr0.001_do0.5_rmsprop_bs16,0.001,0.5,rmsprop,16,0.07168458781362007,0.2183406113537118,0.07825828363932322,4.485534191131592,12,2,True,2.3738210054002895
lr0.001_do0.3_adam_bs16,0.001,0.3,adam,16,0.06446886446886448,0.19213973799126638,0.061935153638210415,1.9994065761566162,15,5,True,2.900637520383073
